,,,,,
Listing Name,Website,Email,What you offer,City,State
Corey Ralston,https://childactor101.com/classes,corey@childactor101.com,"Acting coach, former child actor & founder of Child Actor 101; offers step-by-step guidance, classes and coaching for parents and young actors, combining Adler/Hagen methods and bold choices; provides resources and community.",Fresno,CA
Actorsite (Amber Bohac & Kimberly Crandall),https://actorsite.com,actorsite@actorsite.com,"LA-based acting school offering on-camera classes, audition coaching and workshops for kids, teens and adults; co-owners Amber Bohac and Kimberly Crandall have over 20 years of experience and specialize in pulling the best from young actorshttps://www.actorsite.com/teachers#:~:text=KIMBERLY%20CRANDALL%20%28Cohttps://www.actorsite.com/teachers#:~:text=AMBER%20BOHAC%20%28Co. Focus on fun, supportive training that helps actors book series regular roles.",Los Angeles,CA
Holly Gagnier (Playhouse West private coach),https://www.theactingretreat.com/holly-gagnier,,"Top private acting coach and senior staff/director at Playhouse West; trained under Sanford Meisner and other legendary teachers; offers script breakdown, audition coaching and career counseling for actorshttps://www.theactingretreat.com/holly-gagnier#:~:text=Holly%20Gagnier.",Los Angeles,CA
Giovannie Espiritu – Hollywood Actors Workshop,https://hollywoodactorsworkshop.com,giovannieespiritu@gmail.com,"Award-winning filmmaker and acting coach offering online one-on-one and group coaching nationwide for kids, teens and young adults. Packages include audition game plans, pro actor coaching, scene study, self‑tape technique, business of acting and career planninghttps://giovannieespiritu.com/acting-coach#:~:text=,Both%20Sides%20of%20the%20Camerahttps://giovannieespiritu.com/acting-coach#:~:text=.",Online (Los Angeles-based),CA
Gloria Garayua,https://www.gloriagarayua.com,gloriagarayua@gmail.com,Los‑Angeles actress and CPS‑permitted acting coach offering private coaching sessions (30 or 60 minutes) and an online video series for true beginner actors. Her coaching helps pre‑teens through adults embrace strong choices and act smarthttps://www.gloriagarayua.com/coaching#:~:text=Private%20Coaching.,Los Angeles,CA
Book From Tape (Jordan Brooks Robinson),,jordan@bookfromtape.com,"Former acting studio (Orlando, FL) now providing private audition coaching, self‑tape services, headshot branding and virtual audition coaching; after the Orlando studio closed, coaches continue to guide actors and provide supportive self‑taping serviceshttps://www.mapquest.com/us/florida/book-from-tape-430643727#:~:text=4502%2035th%20St%20Ste%20100.",Orlando,FL
Clare Lopez – The Wholehearted Actor,https://openheartedactor.com,TheWholeHeartedActor@gmail.com,"Trauma‑informed acting training by Clare Lopez (SAG‑AFTRA eligible actor with 15+ years’ experience). She integrates Stanislavski, Uta Hagen, Meisner and other methods to offer on‑camera acting, script analysis, audition technique, Shakespeare, writing and musical theatre. Classes emphasize boundaries, DEI practices and building confidencehttps://www.thewholeheartedactor.com/about#:~:text=Training%20%26%20Taping%20with%20Clare.",Kissimmee,FL
Zak Barnett Studios,https://zakbarnett.com,info@zakbarnett.com,"Acting studio in Los Angeles focusing on the development of the whole self; offers classes, intensives and coaching for actors of all ages, including on‑camera and in‑person instruction; uses a holistic approach and encourages actors to grow personally and professionallyhttps://zakbarnett.com/contact/#:~:text=ZBS%20looks%20forward%20to%20hearing,from%20youhttps://zakbarnett.com/contact/#:~:text=Zak%20Barnett%20Studios%20is%20an,development%20of%20the%20whole%20self.",Los Angeles,CA
John D’Aquino’s Actors Workshop,https://johndaquino.net,info@johndaquino.net,"Workshops and classes for young actors taught by Disney actor John D’Aquino and team. Curriculum covers audition technique, booking the job, set etiquette and career goal management; many students have booked roles across Disney, Nickelodeon, film and Broadwayhttps://johndaquino.net/#:~:text=.",Los Angeles,CA
3-2-1 Acting Studios (Mae Ross),https://321actingstudios.com,contact@321actingstudios.com,"Premier acting school for kids, teens and adults in Los Angeles and online. On‑camera classes taught by professional film & TV actors; sessions nurture beginners and advanced actors, instilling confidence and life skillshttps://321talentshowcase.com/#:~:text=Los%20Angeles%20Acting%20Classes%20for,Kids%2C%20Teens%20and%20Adults. Mission is to inspire creativity and support each actor’s growth.",La Crescenta (Los Angeles area),CA
Shari Shaw Acting & Performance Studios,https://sharishaw.com,sharishawactingstudio@gmail.com,"Studio City acting studio offering acting and performance training, including private consultations to assess training needs and evaluate materials. Students bring a one‑minute scene and receive a 15‑minute consultation; classes emphasize acting craft and self‑awarenesshttps://www.sharishaw.com/contact#:~:text=Shari%20wants%20to%20get%20to,Cost%20is%20%2445https://www.sharishaw.com/contact#:~:text=Shari%20Shaw%20Acting%20%26%20Performance,Studios%20Studio%20City%2C%20CA%2091604.",Studio City,CA
Young Actors Workspace (Lisa Picotte),https://youngactorsworkspace.com,lisapicottestudio@gmail.com,"Acting school founded by actor/coach Lisa Picotte; offers classes and workshops for kids and teens, focusing on audition technique and on‑camera performance. Provides supportive environment; location at 5571 Pico Blvd, Los Angeleshttps://www.brownpapertickets.com/event/6005289#:~:text=The%20Young%20Actors%20Workspace%20,Angeles%2C%20CA%2090019%20United%20States.",Los Angeles,CA
Young Actor’s Studio (Jeff Alan‑Lee),https://youngactorsstudio.com,office@youngactorsstudio.com,"Acting studio established in 1996 offering classes for kids, teens and young adults. Uses techniques from various acting methods; fosters a supportive environment where each student develops unique characters and builds confidencehttps://www.youngactorsstudio.com/#:~:text=Established%20in%201996%2C%20the%20Young,kids%2C%20teens%2C%20and%20young%20adults. Founded by Jeff Alan‑Lee, author of “A Young Actor Prepares”.",Los Angeles,CA
Young Actors Space (Patrick Day),https://youngactorsspace.com,info@youngactorsspace.com,"Original and premier school for young actors founded in 1979. Offers classes for tykes, children, teens and adults, on‑camera and dialect courses, summer workshops and production conservatory; Patrick Day serves as artistic director and head instructorhttps://youngactorsspace.com/#:~:text=https://www.mapquest.com/us/california/young-actors-space-11075959#:~:text=Young%20Actors%20Space%20,the%20entertainment%20industry%20and%20beyond.",Van Nuys,CA
The Christiansen Acting Academy (Diane Christiansen),https://www.christiansenactingacademy.com,actupd@gmail.com,"Award‑winning acting school in Agoura Hills offering in‑person and online acting classes for kids, teens and adults. Programs include “Next Generation” for younger students and Screen Test Live auditions; the academy nurtures talent and provides training to succeed in film and TVhttps://www.mapquest.com/us/california/the-christiansen-acting-academy-533727429#:~:text=28328%20Agoura%20Rd%20Ste%20202.",Agoura Hills,CA
Marnie Cooper School of Acting,https://www.howdoiact.com,marnie@marniecooperschool.com,"Acting school in Studio City offering classes for kids and teens aged 5‑21, along with private coaching and on‑set coaching. Marnie Cooper brings over 25 years of experience teaching beginners to master level; sessions focus on authentic performance and audition prephttps://www.howdoiact.com/contact#:~:text=Marnie%20Cooper%20School%20of%20Acting%2C,Street%2C%20Studio%20City%2C%20CA%2091604.",Studio City,CA
Keep It Real Acting Studios (Judy Kain),https://www.keepitrealacting.com,keepitrealacting@gmail.com,"Acting studio offering small, intensive classes in commercial, TV and film acting for ages 8+; teachers are working industry professionals and emphasize grounded, specific work; training helps actors get audition‑readyhttps://www.keepitrealacting.com/#:~:text=KIRA%27s%20teaching%20philosophy%20is%20to,set%20back%20into%20the%20classroom. Located in North Hollywood with a focus on real‑world booking skills.",North Hollywood,CA
Howard Fine Acting Studio (Gina Simms),https://howardfine.com,info@howardfine.com,"Renowned acting studio offering classes and private coaching in acting technique, script analysis, audition technique, voice and speech, on‑camera acting and more. The contact page lists the Los Angeles studio at 7404 W Sunset Blvd and invites inquiries for private coaching and audition prephttps://www.howardfine.com/contact-us/#:~:text=7404%20W,LOS%20ANGELES%2C%20CA%2090046https://www.howardfine.com/contact-us/#:~:text=Open%20Hours.",Los Angeles,CA
Actors Youth Academy (Yvette Pardo),https://actorsyouthacademy.com,,"Bilingual acting academy in Duarte, CA offering professional acting classes, on‑camera training, audition technique, scene study, improv, and Spanish language acting. Programs are six‑month sessions for ages 4‑8, 9‑17 and adults; includes headshots, filming days and agent showcase opportunitieshttps://actorsyouthacademy.com/professional-acting-class/#:~:text=Professional%20Acting%20Classeshttps://actorsyouthacademy.com/professional-acting-class/#:~:text=For%20Working%20Actors%3A%20Already%20Booking%3F,Keep%20Skills%20Sharp. Phone (626) 817‑3050; location 1740 Huntington Dr Suite 308, Duarte, CA.",Duarte,CA
Deena Freeman Kids & Teens Acting Studio,https://www.deenafreeman.com,deenafreemanstudio@gmail.com,"Kids and teens acting classes focusing on acting for film and TV using Uta Hagen method and 40+ years of industry experience; offers improvisation workshops, audition prep, script analysis, business of acting, and occasional industry guest visitshttps://www.deenafreeman.com/#:~:text=The%20best%20acting%20classes%20in,Angeles%20for%20kids%20and%20teenshttps://www.deenafreeman.com/contact#:~:text=Contact%20me. Classes are held at Pico Playhouse with Zoom options.",Los Angeles,CA
CCC Acting Studio (Tameka Cruel),https://cccactingstudio.com,tamekacruel@cccactingstudio.com,"Garden Grove acting studio designed to “Create Confident Characters”, led by Tameka Cruel. Offers group acting classes, private lessons and online classes for children aged 6‑17, focusing on audition skills, self‑tapes and scene work; emphasises a nurturing, family‑like environmenthttps://www.mapquest.com/us/california/ccc-acting-studio-378465728#:~:text=12792%20Valley%20View%20St%20Ste,209.",Garden Grove,CA
Quit Acting (Laura Lasky),https://quitacting.com,helloquitacting@gmail.com,"Private acting lessons and audition coaching for actors in Los Angeles, Chicago and online; coach with over 35 years’ experience helps actors reconnect to their authentic talent and book roles. Offers a free 30‑minute consult and emphasises bringing authenticity and ease to acting.",Los Angeles/Chicago,CA/IL
David Gray Studios (DG Studios),https://davidgraystudios.com,dgstudiosla@gmail.com,"Vocational acting school focusing on both the art and profession of acting; offers acting and audition classes, private coaching and summer film camp for youth. Provides real sets, real crews and on‑camera experience; Entertainment Tonight called DG Studios “Hollywood’s Star‑Making Machine”. Located at 847 N Hollywood Way #204, Burbank, CA.",Burbank,CA
"LA Acting Studios (Morgan Hill, David Rountree, Rosie Garcia)",https://laactingstudios.com,info@laactingstudios.com,"On‑set, on‑camera acting studio and film production company in North Hollywood. Offers four‑week classes and foundational workshops where actors work every class on real sets with real crews, receiving footage after each session; 10 actors have become series regulars since 2020. Address 5435 Cahuenga Blvd Studio B, North Hollywoodhttps://laactingstudios.com/contact#:~:text=Address%3A.",North Hollywood,CA