,,,,,
Listing Name,Website,Email,What You Offer,City,State
Robin Lorraine Photography,https://robinlorraine.com,robin@robinlorraine.com,"Los Angeles headshot photographer widely recognised for actor and model headshots for all ages (babies, children, teens and adults). Uses natural light and has over 14 years experience helping clients get noticed.",Los Angeles,CA
Jeff Ellingson (Jeff E Photo),https://jeffephoto.com,jeff@jeffephoto.com,"Provides professional headshots for actors, corporate clients and youth. Kids headshot sessions are fun and relaxed, with guidance to capture natural personalities and deliver many photos.",Los Angeles,CA
Guy Viau Headshots,https://guyviauheadshots.com,guyviauheadshots@gmail.com,"LA headshot photographer with more than 28 years of experience who has photographed over 9,000 clients. Provides natural-light headshots and a comfortable, open-shade studio at his home.",Los Angeles,CA
Shea Anne Studios,https://sheaannestudios.com,info@sheaanne.com,"Photography studio specialising in fashion and headshots for teens and children. Works with top agents and managers and knows what they look for. Offers sessions in Los Angeles, Orange County, Dallas and New York.",Los Angeles,CA
Danielle Vernengo Headshots & Coaching,https://daniellevernengo.com,daniellevernengo@gmail.com,"Acting coach and headshot photographer with over 20 years experience. Specialises in kids and young adults, offering self-tape coaching and headshots that capture each actor’s personality across Orange County, LA and San Diego.",Orange County,CA
Headshots by Marc (Marc Cartwright),https://headshotsbymarc.com,HeadshotsByMarc@gmail.com,Children’s and adult headshots that focus on natural expressions and comfortable sessions. Photographer guides kids so they can relax and deliver authentic looks; parents are welcome during sessions.,Los Angeles,CA
Kobe Levi Photography,https://koblevi.com,kobe@dsmfashionstudios.com,"Los Angeles headshot photographer with over a decade of experience. Offers personalised service in a comfortable studio with reserved parking, multiple backdrops, snacks and quick turnaround. Specialises in headshots for models, actors, business and personal use.",Burbank,CA
Michael Roud Photography (MRP),https://michaelroud.com,info@michaelroud.com,Award-winning LA photographer. The studio invites clients to contact them to schedule headshot sessions and other creative projects.,Los Angeles,CA
Rena Durham Photography,https://renadurham.com,info@renadurham.com,"Photographer with over 20 years in the entertainment industry. Top-agency-preferred for kids and teen headshots; has photographed stars like Selena Gomez and Justin Bieber. Provides fun, comfortable sessions for children and holds a Child Performer Services permit and FBI background check.",Los Angeles,CA
Karine Simon Photography,https://karinesimonphotography.com,ksimonphoto@gmail.com,"Headshot photographer since 2004 working with top talent agencies in LA. Uses a day-light studio with extra lights and helps clients with wardrobe, styling and improv scenes to capture real moments. Former makeup artist who makes clients comfortable and creates storytelling headshots.",Los Angeles,CA
David Muller Photography,https://davidmullerphotography.com,studio@davidmullerphotography.com,Los Angeles headshot photographer with more than 30 years in entertainment and 15+ years specialising in actor headshots. Backstage Readers Choice Award winner and known for putting clients at ease and delivering compelling headshots.,Los Angeles,CA
Bradford Rogne Photography,https://bradfordrogne.com,Bradford@BradfordRogne.com,"Photographer and celebrity makeup artist with over 15 years of experience. Shoots beauty, publicity and apparel work for TV personalities, fitness professionals and actors. His images appear in publications like OUT, Allure and InStyle and on networks such as ABC Family, Lifetime and Bravo.",Los Angeles,CA
Paul Gregory Photography,https://paulgregoryphotography.com,paulgregoryphoto@me.com,"Top headshot photographer in LA and New York known for shooting up-coming talent. Sessions are comfortable and encouraging; Paul brings a cinematic eye and 30 years of hair-and-make-up experience. He keeps looks real and tailored to the roles you play so you leave with polished, authentic headshots.",Los Angeles,CA
Alan Weissman Photography,https://alanweissman.com,studio@alanweissman.com,"Headshot photographer serving Los Angeles for over 30 years. Specialises in actors, executives, kids & teens and celebrity headshots, bringing out each subject’s natural energy. Also offers professional headshots for businesses and can photograph at clients’ locations or in his studio.",Los Angeles,CA
Theo & Juliet,https://theoandjuliet.com,juliet@theoandjuliet.com,"Photography duo who have been creating headshots and PR images for about 25 years. After working for Ford Models and Elite Model Management, they built a relaxed, daylight studio and also shoot on location. Their attention to detail and casual environment help clients get crisp, clean headshots.",Redondo Beach (Los Angeles area),CA