Business Name,Owner Name/Greeting,Email Address,Website,Phone,City,State
Alan Weissman Photography,Dear Alan,contact@alanweissman.com,https://alanweissman.com,,Los Angeles,CA
Bradford Rogne Photography,Dear Bradford,contact@bradfordrogne.com,https://bradfordrogne.com,,Los Angeles,CA
Danielle Vernengo Headshots & Coaching,Dear Danielle,contact@daniellevernengo.com,https://daniellevernengo.com,,Orange County,CA
David Muller Photography,Dear David,contact@davidmullerphotography.com,https://davidmullerphotography.com,,Los Angeles,CA
Guy Viau Headshots,Dear Guy,contact@guyviauheadshots.com,https://guyviauheadshots.com,,Los Angeles,CA
Headshots by Marc (Marc Cartwright),Dear Marc,contact@headshotsbymarc.com,https://headshotsbymarc.com,,Los Angeles,CA
Jeff Ellingson (Jeff E Photo),Dear Jeff,contact@jeffephoto.com,https://jeffephoto.com,,Los Angeles,CA
Jeremy Bustin Photography,Dear Jeremy,Jeremy@jeremybustin.com,https://jeremybustin.com,757-897-9999,Atlanta,GA
Karine Simon Photography,Dear Karine,contact@karinesimonphotography.com,https://karinesimonphotography.com,,Los Angeles,CA
Kobe Levi Photography,Dear Kobe,contact@koblevi.com,https://koblevi.com,,Burbank,CA
Michael Roud Photography (MRP),Dear Michael,contact@michaelroud.com,https://michaelroud.com,,Los Angeles,CA
Paul Gregory Photography,Dear Paul,contact@paulgregoryphotography.com,https://paulgregoryphotography.com,,Los Angeles,CA
Rena Durham Photography,Dear Rena,contact@renadurham.com,https://renadurham.com,,Los Angeles,CA
Robin Lorraine Photography,Dear Robin,contact@robinlorraine.com,https://robinlorraine.com,,Los Angeles,CA
Shea Anne Studios,Dear Shea Anne,contact@sheaannestudios.com,https://sheaannestudios.com,,Los Angeles,CA
Theo & Juliet,Dear Theo & Juliet,contact@theoandjuliet.com,https://theoandjuliet.com,,Redondo Beach (Los Angeles area),CA
