﻿Listing Name,Categories,Plan
Coaching with Corey,,
Robin Lorraine Photography,Headshot Photographers,Free
Jeff Ellingson (Jeff E Photo),Headshot Photographers,Free
Guy Viau Headshots,Headshot Photographers,Free
Shea Anne Studios,Headshot Photographers,Free
Danielle Vernengo Headshots & Coaching,Headshot Photographers,Free
Headshots by Marc (Marc Cartwright),Headshot Photographers,Free
Kobe Levi Photography,Headshot Photographers,Free
Michael Roud Photography (MRP),Headshot Photographers,Free
Rena Durham Photography,Headshot Photographers,Free
Karine Simon Photography,Headshot Photographers,Free
David Muller Photography,Headshot Photographers,Free
Bradford Rogne Photography,Headshot Photographers,Free
Paul Gregory Photography,Headshot Photographers,Free
Alan Weissman Photography,Headshot Photographers,Free
Theo & Juliet,Headshot Photographers,Free
Actorsite (Amber Bohac & Kimberly Crandall),Acting Classes & Coaches,Free
Holly Gagnier (Playhouse West private coach),Acting Classes & Coaches,Free
Giovannie Espiritu – Hollywood Actors Workshop,Acting Classes & Coaches,Free
Gloria Garayua,Acting Classes & Coaches,Free
Book From Tape (Jordan Brooks Robinson),Acting Classes & Coaches,Free
Clare Lopez – The Wholehearted Actor,,Free
Zak Barnett Studios,Acting Classes & Coaches,Free
John D’Aquino’s Actors Workshop,Acting Classes & Coaches,Free
3-2-1 Acting Studios (Mae Ross),Acting Classes & Coaches,Free
Shari Shaw Acting & Performance Studios,Acting Classes & Coaches,Free
Young Actors Workspace (Lisa Picotte),Acting Classes & Coaches,Free
Young Actor’s Studio (Jeff Alan‑Lee),Acting Classes & Coaches,Free
Young Actors Space (Patrick Day),Acting Classes & Coaches,Free
The Christiansen Acting Academy (Diane Christiansen),Acting Classes & Coaches,Free
Marnie Cooper School of Acting,Acting Classes & Coaches,Free
Keep It Real Acting Studios (Judy Kain),Acting Classes & Coaches,Free
Howard Fine Acting Studio (Gina Simms),Acting Classes & Coaches,Free
Actors Youth Academy (Yvette Pardo),Acting Classes & Coaches,Free
Deena Freeman Kids & Teens Acting Studio,Acting Classes & Coaches,Free
CCC Acting Studio (Tameka Cruel),Acting Classes & Coaches,Free
Quit Acting (Laura Lasky),Acting Classes & Coaches,Free
David Gray Studios (DG Studios),Acting Classes & Coaches,Free
"LA Acting Studios (Morgan Hill, David Rountree, Rosie Garcia)",Acting Classes & Coaches,Free
Self Tape Studio LA (Eric Satterberg),Self-Tape Support,Free
SelfTape (West Hollywood),Self-Tape Support,Free
Stella Self Tape Studios,Self-Tape Support,Free
SkyTown Entertainment Self-Tapes (New York),Self-Tape Support,Free
SkyTown Entertainment Self-Tapes (Los Angeles),Self-Tape Support,Free
BK Actors Self-Tape (Brooklyn),Self-Tape Support,Free
Midtown Self Tapes,Self-Tape Support,Free
The Self Tape Space,Self-Tape Support,Free
Spotlight Self Tapes,Self-Tape Support,Free
Drama Inc Audition Taping,Self-Tape Support,Free
Audition Taping Atlanta (Acting Studio 13),Self-Tape Support,Free
Hollywood South Self Tapes,Self-Tape Support,Free
Compass Actor Services,Self-Tape Support,Free
Atlanta Self-Tapes,Self-Tape Support,Free
The Forge (Chicago) Audition Taping,Self-Tape Support,Free
Actors Access,Aircheck,Free
Act On This TV Actors' Network,Aircheck,Free
NYCastings,Aircheck,Free
Joe's Reels,Aircheck,Free
SceneClipper,Aircheck,Free
Demo Reels For Actors,Aircheck,Free
Master of Radio (Airchecks List),Aircheck,Free
Daily Actor (Aircheck),Aircheck,Free
EditPlus,Reel Editors,Free
The Actors List,Reel Editors,Free
Reel Today,Reel Editors,Free
Astral Video,Reel Editors,Free
EKC PR (Eileen Koch & Company),Publicists,Free
Anderson Group Public Relations,Publicists,Free
The Initiative Group,Publicists,Free
Align Public Relations,Publicists,Free
Tyler Barnett Public Relations (TBPR),Publicists,Free
Khait & Co.,Publicists,Free
Ayers Publicity,Publicists,Free
Empyrean PR & Productions,Publicists,Free
Sanguine PR,Publicists,Free
Revolver PR,Publicists,Free
Persona PR,Publicists,Free
Press Kitchen,Publicists,Free
R&CPMK (Rogers & Cowan PMK),Publicists,Free
Valerie Allen Public Relations (VAPR),Publicists,Free
Turk PR (Turk Entertainment PR),Publicists,Free
Jill Fritzo Public Relations,Publicists,Free
Elite Tuition Collective,Set Teachers,Free
On Location Education,Set Teachers,Free
The Studio Teachers/IATSE Local 884,Set Teachers,Free
Tutors International,Set Teachers,Free
Create Your Reel,Demo Reel Creators,Free
Lakefront Pictures,Demo Reel Creators,Free
Relentless Filmworks,Demo Reel Creators,Free
DemoReel,Demo Reel Creators,Free
Showreels NYC,Demo Reel Creators,Free
We Make Movies,Demo Reel Creators,Free
Full Emotions,Demo Reel Creators,Free
JIG Reel Studios,Demo Reel Creators,Free
Demo Reels For Actors,Demo Reel Creators,Free
ReelCrafter,Demo Reel Creators,Free
Voiceover Kickstart,Voiceover Support,Free
John Burr Voice,Voiceover Support,Free
Acting & Voice Studios,Voiceover Support,Free
Global Voice Acting Academy,Voiceover Support,Free
VO101 - Anthony Reece,Voiceover Support,Free
Voices.com Coaches Directory,Voiceover Support,Free
Such A Voice,Voiceover Support,Free
Real Voice LA,Voiceover Support,Free
Meg Gallagher,Stylists,Free
Zoë Hennessey,Stylists,Free
Rayne Parvis,Stylists,Free
Courtney Davila,Stylists,Free
Charline Zeroual,Stylists,Free
StaedterStyle,Stylists,Free
AC.Styles,Stylists,Free
Intuitive Personal Styling and Guidance (Christine Heath),Stylists,Free
An Eye for Color (Jodie),Stylists,Free
Lindsey Taub Image Consulting & Personal Styling,Stylists,Free
Lila Fox Style,Stylists,Free
Morrissey Style Consulting (Anne Morrissey),Stylists,Free
The Wall Group,Stylists,Free
Celestine Agency,Stylists,Free
Rouge Artists,Stylists,Free
Ken Barboza Associates,Stylists,Free
Evolve Artists Agency,Stylists,Free
Amanda Sanders,Stylists,Free
BU Style,Stylists,Free
Well Taylored Style,Stylists,Free
Let's Get You,Stylists,Free
Kate Powell Styling,Stylists,Free
The New York Stylist (Liz Teich),Stylists,Free
Phyllis Leibowitz,Stylists,Free
The Wall Group,Stylists,Free
See Management,Stylists,Free
Art & Style NYC,Stylists,Free
Ken Barboza Associates,Stylists,Free
L'Atelier NYC,Stylists,Free
Joe Management,Stylists,Free
Tracey Mattingly Agency,Stylists,Free
Marcella Caudill,Stylists,Free
Hannah Johnson,Stylists,Free
Rachel Nicole,Stylists,Free
Stephanie Lennox,Stylists,Free
Allie Hendee,Stylists,Free
Amy Nelson (ABN Style Design),Stylists,Free
Drew Nicole (Curated Image Design),Stylists,Free
Evonya Easley (Love Evonya),Stylists,Free
Lillian Charles,Stylists,Free
Shaye Strager (Strager Style),Stylists,Free
Katie Ferrell (The Ideal Closet),Stylists,Free
My Fashion Chick (Jen),Stylists,Free
Qloset Queen (Jody),Stylists,Free
The Spin Style Agency,Stylists,Free
Rouge Artists,Stylists,Free
Ken Barboza Associates,Stylists,Free
Joe's Reels,Reel Editors,Free
LA MediaWorks,Reel Editors,Free
Lucky Break Reels,Reel Editors,Free
Create Your Reel,Reel Editors,Free
Young One Studio,Reel Editors,Free
Full Emotions,Reel Editors,Free
Reel for Actors,Reel Editors,Free
Reel Strength,Reel Editors,Free
JIG Reel Studios,Reel Editors,Free
The Keely Group,Mental Health for Performers,Free
Clarity Therapy NYC,Mental Health for Performers,Free
Nashville Therapy Group,Mental Health for Performers,Free
Lauren Maher - Therapy for Artists and Creatives,Mental Health for Performers,Free
Zencare,Mental Health for Performers,Free
Psychology Today Therapy Directory,Mental Health for Performers,Free
Entertainment Community Fund,Mental Health for Performers,Free
Backline,Mental Health for Performers,Free
MusiCares,Mental Health for Performers,Free
SAG-AFTRA Health Plan (via Carelon),Mental Health for Performers,Free
Actors' Equity Association (UK) / BAPAM,Mental Health for Performers,Free
Creatives Care,Mental Health for Performers,Free
Behind the Scenes,Mental Health for Performers,Free
Sweet Relief Musicians Fund,Mental Health for Performers,Free
The Dancers' Resource (ECF),Mental Health for Performers,Free
Rauschenberg Medical Emergency Grants (NYFA),Mental Health for Performers,Free
Adolph & Esther Gottlieb Emergency Grants,Mental Health for Performers,Free
Max's Kansas City Project,Mental Health for Performers,Free
The Blues Foundation - HART Fund,Mental Health for Performers,Free
Jazz Foundation of America,Mental Health for Performers,Free
ODC's Healthy Dancers' Clinic,Mental Health for Performers,Free
The Art Therapy Nest,Mental Health for Performers,Free
The Society for Neurodiversity,Mental Health for Performers,Free
Actor Insider (Jodie Bentley),Branding Coaches,Free
Diane Foy Brand Coaching,Branding Coaches,Free
Martin Bentsen Actor Type,Branding Coaches,Free
Tony Howell Creative,Branding Coaches,Free
The Actors Brand,Branding Coaches,Free
Southwest Scene Works,Branding Coaches,Free
The Actors Company LA,Career Consulting,Free
Geoffrey Cantor (consulting),Career Consulting,Free
Up-To-Date Actor (Annie Chadwick),Branding Coaches,Free
City Headshots/Martin Bentsen,Branding Coaches,Free
Hollywood Winners Circle Academy,Business of Acting,Free
Spencer Glass Career Coaching,Career Consulting,Free
Coaching By Camille,Branding Coaches,Free
Actor Salon,Career Consulting,Free
Acting Career Center,Career Consulting,Free
Acting Career Coaching (Lisa Gold),Career Consulting,Free
Acting Business Boot Camp (Peter),Business of Acting,Free
SkillsHub for Actors,Career Consulting,Free
Think Bigger Coaching (WebForActors),Career Consulting,Free
Q&Agent (Sean Miguel Perez),Branding Coaches,Free
Actor MBA (Kevin E. West),Dialect Coach,Free
The Actor’s Dialect Coach (Scott Alan Moffitt),Dialect Coach,Free
Actors Accent Coach (Sarah Valentine),Dialect Coach,Free
DialectCoaches.com,Dialect Coach,Free
Corff Voice Studios (Bob & Claire Corff),Dialect Coach,Free
Erik Singer Dialect Coach,Dialect Coach,Free
Accent Coach App,Dialect Coach,Free
AccentHelp Coaches,Dialect Coach,Free
Lily Narbonne Coaching/DialectArts,Dialect Coach,Free
Maeve Diamond Voice & Dialect Coach,Dialect Coach,Free
Strømmen Inc.,Dialect Coach,Free
Julie Foh Voice & Dialect,Dialect Coach,Free
Rebecca Gausnell,Dialect Coach,Free
The Online Actor – Self-Tape Feedback,Self-Tape Support,Free
Child Actor 101 – Corey Ralston,Self-Tape Support,Free
Annie Grindlay Studio – Fast Virtual Feedback,Self-Tape Support,Free
Actors Insite,Self-Tape Support,Free
Erica Bream – Self-Tape Review,Self-Tape Support,Free
r/actingclass (Reddit),Self-Tape Support,Free
Reddit - r/acting,Self-Tape Support,Free
Christy Faison – Free 1:1 Feedback,Self-Tape Support,Free
Self Tape Service,Self-Tape Support,Free
AFA Prime Talent,Talent Managers,Free
Artistic Endeavors,Talent Managers,Free
Atlas Artists,Talent Managers,Free
"Bohemia Group, Corey Ralston",Talent Managers,Free
Brave Artists,Talent Managers,Free
Bridges Entertainment,Talent Managers,Free
Brilliant Talent Management,Talent Managers,Free
Crackerjack Entertainment,Talent Managers,Free
"D.R. Entertainment, Robin Loehr",Talent Managers,Free
Double 19,Talent Managers,Free
Dream Talent Management,Talent Managers,Free
DreamScope,Talent Managers,Free
ESI,Talent Managers,Free
Infinity Entertainment,Talent Managers,Free
Lampiasi Talent,Talent Managers,Free
"Lil' Angels Unlimited, Jackie Reid",Talent Managers,Free
LINK Ent,Talent Managers,Free
Luber Roklin,Talent Managers,Free
Major Minors,Talent Managers,Free
New Beginnings,Talent Managers,Free
Nicki Mincks,Talent Managers,Free
Protege Entertainment,Talent Managers,Free
Randy James,Talent Managers,Free
Reload,Talent Managers,Free
Serendipity Entertainment,Talent Managers,Free
Stellar Artists Management,Talent Managers,Free
Stride Management,Talent Managers,Free
Susan Osser,Talent Managers,Free
Terrific Talent,Talent Managers,Free
"Transcend Talent Management, Constance Tillotson",Talent Managers,Free
Vault,Talent Managers,Free