,,,,,
Listing Name,Website,Email,What you offer,City,State
EKC PR (Eileen Koch & Company),https://www.eileenkoch.com,Eileen@EKCPR.com,"Full‑service publicist, branding and digital marketing firm providing publicity, brand development, marketing, advertising, product placement, media relations, photo‑shoots, press‑kit design and crisis/reputation management for actors and creative clientshttps://www.eileenkoch.com/contact/#:~:text=9350%20Wilshire%20Blvd%20%E2%80%A2%20Suite,%E2%80%A2%20Beverly%20Hills%2C%20CA%2090212",Beverly Hills,CA
Anderson Group Public Relations,https://andersongrouppr.com,Liza@AndersonGroupPR.com,"Worldwide entertainment public relations and brand‑management firm that crafts personalized media campaigns for film & TV actors, emerging stars and productions; the agency provides strategic publicity and digital entertainment PRhttps://andersongrouppr.com/#:~:text=and%20brand%20management%20firm%20with,public%20opinion%20and%20brand%20building",Los Angeles,CA
The Initiative Group,https://initiativepr.com,info@initiativepr.com,"Bi‑coastal entertainment and corporate lifestyle PR collective offering media relations, talent PR, special events, consumer products, fashion and lifestyle, hospitality/destination, brand/influencer partnerships, crisis & reputation management, social media, risk assessment and cause‑related PRhttps://www.initiativepr.com/#:~:text=The%20Initiative%20Group%20is%20a,for%20close%20to%20four%20decades",Los Angeles,CA
Align Public Relations,https://align-pr.com,info@align-pr.com,"Entertainment public relations team that crafts and maintains the public image of clients by developing strategic media campaigns, managing press relations and creating engaging content for talent and projectshttps://theorg.com/org/align-public-relations/teams/public-relations-team#:~:text=The%20Public%20Relations%20Team%20at,in%20the%20competitive%20entertainment%20landscape",Los Angeles,CA
Tyler Barnett Public Relations (TBPR),https://tylerbarnettpr.com,tyler@tylerbarnettpr.com,"Los Angeles‑based public relations agency specializing in innovation, strategy and results; offers public relations and marketing services for consumer brands and entertainment personalitieshttps://www.tylerbarnettpr.com/#:~:text=As%20a%20leading%20Los%20Angeles,the%20top%20of%20their%20industry",Los Angeles,CA
Khait & Co.,https://khaitco.com,gayle@khaitco.com,"Boutique entertainment PR firm providing strategic, high‑impact publicity for artists, creatives and entertainment professionals; services include media relations, narrative development, strategy and consultinghttps://www.khaitco.com/#:~:text=Khait%20%26%20Co%20is%C2%A0a%20Los,presence%20and%20shape%20their%20narrative",Los Angeles,CA
Ayers Publicity,https://ayerspublicity.com,info@ayerspublicity.com,"Hollywood publicity firm that crafts narratives and provides media relations, event publicity, influencer relations, media training, crisis management and reputation management for clientshttps://ayerspublicity.com/#:~:text=Helping%20People%20And%20Brands%20Tell,Their%20Storieshttps://www.accessnewswire.com/newsroom/en/business-and-professional-services/shawn-crenshaw-ovation-for-men%E2%80%99s-founder-is-taking-an-unexpected-597931#:~:text=Company%3A%20Ayers%20Publicity%2C%20LLC%20Name%3A,com",Los Angeles,CA
Empyrean PR & Productions,https://empyreanprla.com,info@empyreanprla.com,"Beverly Hills communications firm offering public relations, productions, publications, positioning, event sponsorship, brand management, viral marketing and brand journalism serviceshttps://empyreanprla.com/#:~:text=",Beverly Hills,CA
Sanguine PR,https://sanguinepr.com,suria@sanguinepr.com,"Los‑Angeles‑based boutique public relations, marketing and management agency specializing in music and fashion PR that helps clients expand their brand by creating strategies that connect them with their target markethttps://sanguinepr.wordpress.com/#:~:text=Based%20in%20Los%20Angeles%2C%20Sanguine,new%20releases%2C%20projects%20and%20merchandisehttps://www.prweb.com/releases/pete-carroll-mentee-damond-collier-hires-reformed-gang-members-to-help-produce-films-they-have-equity-in-through-pride-in-unity--832165225.html#:~:text=For%20Interview%20Requests%20Please%20Contact%3A,7681",Los Angeles,CA
Revolver PR,https://rvlrpr.com,hello@rvlrpr.com,"Female‑founded communications and marketing agency that specializes in lifestyle, sports and entertainment brands and figures, creating media attention and serving as an extension of clients’ teamsfile:///home/oai/redirect.html#:~:text=Female%20founded%20communications%20%2B%20marketing,an%20extension%20of%20your%20team",Irvine,CA
Persona PR,https://persona-pr.com,contact@persona-pr.com,"Full‑service public relations firm representing talent in film, television, music and more; services include awards‑season campaigns, event support, fashion and brand alignments, industry positioning, media relations, media tours, media training, nonprofit partnerships, online reputation management, strategic communications, thought leadership and crisis communicationshttps://persona-pr.com/#:~:text=,Industry%20Positioning. Contact page identifies publicist Jordyn Palos at the Hollywood office with the email contact@persona-pr.comhttps://terireeves.com/#:~:text=Jordyn%20Palos%20Persona%20PR%206255,pr.com",Hollywood,CA
Press Kitchen,https://presskitchen.com,info@presskitchen.com,"Woman‑owned boutique PR agency providing creative strategy at the intersection of technology and entertainment; services include reputation management, media relations, brand strategy, thought leadership, speaking engagements, social‑media strategy, community management, start‑up launches, media coaching, crisis strategy and digital marketinghttps://presskitchen.com/about-us/#:~:text=WHO%20WE%20ARE%20Bicoastal%20Press,of%20industry%20awareness%20and%20prestige. Contact page lists bicoastal offices in Los Angeles and New York with email info@presskitchen.comhttps://presskitchen.com/contact/#:~:text=LOS%20ANGELES",Los Angeles,CA
R&CPMK (Rogers & Cowan PMK),https://rcpmk.com,hello@rcpmk.com,"Entertainment and culture agency that provides communications, marketing and brand‑development services; the agency drives cultural relevance for talent and brands and creates award‑winning work across cultural moments—from red carpets and music festivals to sporting events and the Metaverse",Los Angeles,CA
Valerie Allen Public Relations (VAPR),https://valerieallenpr.com,info@valerieallenpr.com,"Entertainment and lifestyle public relations and crisis‑communications firm offering full‑service PR, crisis communications, event publicity, media relations, media training, public affairs and strategic brand management for clientshttps://www.communicationsmatch.com/company/valerie-allen-public-relations#:~:text=Location%3A. CommunicationsMatch lists the firm’s contact as info@valerieallenpr.com and notes its expertise in full‑service PR, crisis communications, events, media relations, media training, public affairs and strategyhttps://www.communicationsmatch.com/company/valerie-allen-public-relations#:~:text=Location%3A",Agoura Hills,CA
Turk PR (Turk Entertainment PR),https://turkpr.net,info@TurkEntertainmentPR.com,"Boutique full‑service public relations and productions firm representing Hollywood television and film actors, events and theatrical productions; the firm elevates clients’ public persona by promoting them on television, internet, radio, print and at Hollywood events and offers one‑on‑one attentionhttps://turkpr.net/about-turk-pr/#:~:text=Started%20in%202002%20by%20Anthony,events%20including%20charities%20and%20theaterhttps://turkpr.net/about-turk-pr/#:~:text=Info%28%40%29TurkEntertainmentPR",Los Angeles,CA
Jill Fritzo Public Relations,https://www.jillfritzopr.com,hello@jillfritzopr.com,"Concierge‑level personal PR firm providing services such as personal PR, media relations, talent relations, crisis communications, reputation management, project‑based campaigns, brand management, broadcast/digital/print content strategy, strategic development and implementation, monitoring and measurement and ongoing counselhttps://www.jillfritzopr.com/service/#:~:text=We%20provide%20concierge%20level%20personal,in%20a%20crowded%2024%2F7%20marketplace",New York,NY