,,,,,,,,
Listing Name,Website,Email,What You Offer,City,State,Category,Plan,Status
Self Tape Studio LA (Eric Satterberg),https://selftapestudiola.com,eric@ericsatterberg.com,"Full-service self-tape studio in Culver City with professional lighting, sound and coaching by working actor Eric Satterberg; sessions by appointment, $1 per minute; provides editing and upload",Los Angeles,CA,Self Tape Studio,Free,APPROVED
SelfTape (West Hollywood),https://www.selftape.com,info@selftape.com,"Original self-tape studio offering self-tape sessions, virtual readers, scenes & reels, casting space and black box services; locations in West Hollywood and Sherman Oaks",West Hollywood,CA,Self Tape Studio,Free,APPROVED
Stella Self Tape Studios,https://www.stellaselftape.com,bookings@stellaselftape.com,"All-inclusive self-tape studio with Hollywood and Venice locations; 4K camera, 3-point lighting, professional reader/coaching, teleprompters, editing and quick delivery; free parking and multiple backdrops",Los Angeles,CA,Self Tape Studio,Free,APPROVED
SkyTown Entertainment Self-Tapes (New York),https://www.skytownentertainment.com/self-tape,info@skytownentertainment.com,"Self-tape sessions with HD camera, professional lighting, reader and coaching; quick turnaround and editing; 16+ years of experience helping actors book roles; also offers virtual sessions",New York,NY,Self Tape Studio,Free,APPROVED
SkyTown Entertainment Self-Tapes (Los Angeles),https://www.skytownentertainment.com/self-tape,infola@skytownentertainment.com,"Self-tape sessions in Los Angeles with HD camera, professional lighting and coaching; quick editing and delivery; also offers remote/virtual taping options",Los Angeles,CA,Self Tape Studio,Free,APPROVED
BK Actors Self-Tape (Brooklyn),https://bkactorsselftape.com,bkactorsselftape@gmail.com,"Custom designed self-tape studio providing professional taping, coaching, editing and quick delivery; located in Brooklyn Navy Yard; accessible from NYC and surrounding areas",Brooklyn,NY,Self Tape Studio,Free,APPROVED
Midtown Self Tapes,https://www.midtownselftapes.com,erikalongo77@yahoo.com,Professional self-tape studio in Midtown Manhattan offering taping services by appointment; high-quality video and comfortable environment,New York,NY,Self Tape Studio,Free,APPROVED
The Self Tape Space,https://theselftapespace.com,TheSelfTapeSpace@gmail.com,"Boutique self-tape studio in Harlem offering professional reader, run-through, filming, playback, editing and 20-minute turnaround; provides HD equipment and multiple backgrounds",New York,NY,Self Tape Studio,Free,APPROVED
Spotlight Self Tapes,https://spotlightselftapes.com,info@spotlightselftapes.com,"Self-tape studio (formerly Astoria Video Auditions) offering express sessions from $25, Zoom callback sessions, demo reel creation, coaching and top-of-the-line cinema gear with 2-hour turnaround",New York,NY,Self Tape Studio,Free,APPROVED
Drama Inc Audition Taping,https://www.dramainc.net/audition-taping,tapings@dramainc.net,"Professional audition taping in Atlanta with high-quality video, sound and comfortable environment; sessions by appointment; includes filming, viewing, editing and upload; optional coaching",Atlanta,GA,Self Tape Studio,Free,APPROVED
Audition Taping Atlanta (Acting Studio 13),https://www.auditiontapingatlanta.com,auditiontapingatlanta@gmail.com,"Offers audition taping, private coaching, classes, career consultations and Zoom callbacks; located inside Acting Studio 13; recommended by top Atlanta talent agencies",Roswell,GA,Self Tape Studio,Free,APPROVED
Hollywood South Self Tapes,https://www.hollywoodsouthselftapes.com,hollywoodsouthselftapes@gmail.com,Self-tape studio in Atlanta run by award-winning filmmaker Eric Whitten; provides top-quality audition taping with veteran coaching and 4K filming; also offers classes and reels,Atlanta,GA,Self Tape Studio,Free,APPROVED
Compass Actor Services,https://www.compassactorservices.com,audition@compassactorservices.com,"Atlanta-based audition taping service offering professional taping, coaching, demo reel production and classes; run by experienced actors and improvisers; provides flexible scheduling and discounted rates for SAG-AFTRA members",Atlanta,GA,Self Tape Studio,Free,APPROVED
Atlanta Self-Tapes,https://atlantaselftapes.com,sarah@atlantaselftapes.com,"Self-tape studio operated by actor Sarah Hudson; offers professional studio with soundproof walls, boom mic, LED lights and 4K camera; includes editing and quick turnaround; available 7 days a week",Atlanta,GA,Self Tape Studio,Free,APPROVED
The Forge (Chicago) Audition Taping,https://www.theforgechi.com/service-page/audition-taping,hello@theforgechi.com,"Chicago self-tape service at The Forge: provides shooting, editing and sending your audition; includes professional reader; option for virtual sessions; contact by email; located on West Montrose Avenue",Chicago,IL,Self Tape Studio,Free,APPROVED